,close
2010/1/4,4510.527
2010/1/5,4557.475
2010/1/6,4550.279
2010/1/7,4459.155
2010/1/8,4514.452
2010/1/11,4542.949
2010/1/12,4639.632
2010/1/13,4591.024
2010/1/14,4714.1
2010/1/15,4747.648
2010/1/18,4829.062
2010/1/19,4830.016
2010/1/20,4651.074
2010/1/21,4667.209
2010/1/22,4537.88
2010/1/25,4481.16
2010/1/26,4294.383
2010/1/27,4267.113
2010/1/28,4336.381
2010/1/29,4374.649
2010/2/1,4331.366
2010/2/2,4301.768
2010/2/3,4363.079
2010/2/4,4408.441
2010/2/5,4311.293
2010/2/8,4310.894
2010/2/9,4311.891
2010/2/10,4366.25
2010/2/11,4356.517
2010/2/12,4416.219
2010/2/22,4419.547
2010/2/23,4459.155
2010/2/24,4556.281
2010/2/25,4629.965
2010/2/26,4634.671
2010/3/1,4686.266
2010/3/2,4690.293
2010/3/3,4758.434
2010/3/4,4586.523
2010/3/5,4604.586
2010/3/8,4654.583
2010/3/9,4660.126
2010/3/10,4598.994
2010/3/11,4562.872
2010/3/12,4492.861
2010/3/15,4454.76
2010/3/16,4491.465
2010/3/17,4616.053
2010/3/18,4630.953
2010/3/19,4663.903
2010/3/22,4690.198
2010/3/23,4658.626
2010/3/24,4683.065
2010/3/25,4620.749
2010/3/26,4686.931
2010/3/29,4723.611
2010/3/30,4744.423
2010/3/31,4756.157
2010/4/1,4827.214
2010/4/2,4843.175
2010/4/6,4852.904
2010/4/7,4863.639
2010/4/8,4864.922
2010/4/9,4939.176
2010/4/12,4976.38
2010/4/13,4919.873
2010/4/14,4977.508
2010/4/15,4914.747
2010/4/16,4898.67
2010/4/19,4688.836
2010/4/20,4749.934
2010/4/21,4893.978
2010/4/22,4902.405
2010/4/23,4864.164
2010/4/26,4866.553
2010/4/27,4739.269
2010/4/28,4714.432
2010/4/29,4561.4
2010/4/30,4438.681
2010/5/4,4434.131
2010/5/5,4564.807
2010/5/6,4419.781
2010/5/7,4350.758
2010/5/10,4269.108
2010/5/11,4144.352
2010/5/12,4042.516
2010/5/13,4157.842
2010/5/14,4184.841
2010/5/17,3915.752
2010/5/18,3972.154
2010/5/19,3977.377
2010/5/20,3901.257
2010/5/21,3982.385
2010/5/24,4163.477
2010/5/25,4133.346
2010/5/26,4144.662
2010/5/27,4218.637
2010/5/28,4235.322
2010/5/31,4104.364
2010/6/1,4025.789
2010/6/2,4083.616
2010/6/3,4053.985
2010/6/4,4089.035
2010/6/7,4072.568
2010/6/8,4109.317
2010/6/9,4211.881
2010/6/10,4223.566
2010/6/11,4197.995
2010/6/17,4145.243
2010/6/18,3972.286
2010/6/21,4087.017
2010/6/22,4119.722
2010/6/23,4094.568
2010/6/24,4095.295
2010/6/25,4028.433
2010/6/28,3961.382
2010/6/29,3736.982
2010/6/30,3664.464
2010/7/1,3606.593
2010/7/2,3585.576
2010/7/5,3563.882
2010/7/6,3665.334
2010/7/7,3718.662
2010/7/8,3698.342
2010/7/9,3807.604
2010/7/12,3849.52
2010/7/13,3788.751
2010/7/14,3824.046
2010/7/15,3735.395
2010/7/16,3757.432
2010/7/19,3842.313
2010/7/20,3951.358
2010/7/21,3959.427
2010/7/22,4017.864
2010/7/23,4015.467
2010/7/26,4071.094
2010/7/27,4068.864
2010/7/28,4162.321
2010/7/29,4194.04
2010/7/30,4191.13
2010/8/2,4267.895
2010/8/3,4193.641
2010/8/4,4248.014
2010/8/5,4267.955
2010/8/6,4356.012
2010/8/9,4413.568
2010/8/10,4246.46
2010/8/11,4297.904
2010/8/12,4241.592
2010/8/13,4323.052
2010/8/16,4423.315
2010/8/17,4457.759
2010/8/18,4457.127
2010/8/19,4461.488
2010/8/20,4366.604
2010/8/23,4404.718
2010/8/24,4456.497
2010/8/25,4368.304
2010/8/26,4399.284
2010/8/27,4431.444
2010/8/30,4553.023
2010/8/31,4589.289
2010/9/1,4530.229
2010/9/2,4625.395
2010/9/3,4662.96
2010/9/6,4651.963
2010/9/7,4679.942
2010/9/8,4720.375
2010/9/9,4658.009
2010/9/10,4705.31
2010/9/13,4789.693
2010/9/14,4805.416
2010/9/15,4730.143
2010/9/16,4610.916
2010/9/17,4603.489
2010/9/20,4553.12
2010/9/21,4546.724
2010/9/27,4673.602
2010/9/28,4654.345
2010/9/29,4590.317
2010/9/30,4660.605
2010/10/8,4767.967
2010/10/11,4789.155
2010/10/12,4806.029
2010/10/13,4836.737
2010/10/14,4679.548
2010/10/15,4691.45
2010/10/18,4636.639
2010/10/19,4778.607
2010/10/20,4794.194
2010/10/21,4833.8
2010/10/22,4877.927
2010/10/25,4998.5
2010/10/26,5046.148
2010/10/27,4994.774
2010/10/28,4999.59
2010/10/29,5055.492
2010/11/1,5199.525
2010/11/2,5173.066
2010/11/3,5098.539
2010/11/4,5228.296
2010/11/5,5311.77
2010/11/8,5431.091
2010/11/9,5467.839
2010/11/10,5484.742
2010/11/11,5440.099
2010/11/12,5111.189
2010/11/15,5255.267
2010/11/16,5068.465
2010/11/17,4855.85
2010/11/18,4932.401
2010/11/19,5081.03
2010/11/22,5150.665
2010/11/23,5063.237
2010/11/24,5206.149
2010/11/25,5259.81
2010/11/26,5227.648
2010/11/29,5248.747
2010/11/30,5110.875
2010/12/1,5116.837
2010/12/2,5138.487
2010/12/3,5100.366
2010/12/6,5016.528
2010/12/7,5084.583
2010/12/8,5069.97
2010/12/9,4964.901
2010/12/10,5039.165
2010/12/13,5179.021
2010/12/14,5244.038
2010/12/15,5230.68
2010/12/16,5216.851
2010/12/17,5228.337
2010/12/20,5163.529
2010/12/21,5222.792
2010/12/22,5174.539
2010/12/23,5069.523
2010/12/24,4991.544
2010/12/27,4849.63
2010/12/28,4730.497
2010/12/29,4812.532
2010/12/30,4828.489
2010/12/31,4936.716
2011/1/4,5011.498
2011/1/5,5028.766
2011/1/6,5001.283
2011/1/7,4975.144
2011/1/10,4830.562
2011/1/11,4804.822
2011/1/12,4833.58
2011/1/13,4826.757
2011/1/14,4723.426
2011/1/17,4519.913
2011/1/18,4536.964
2011/1/19,4646.087
2011/1/20,4477.359
2011/1/21,4506.322
2011/1/24,4398.495
2011/1/25,4341.909
2011/1/26,4424.892
2011/1/27,4502.808
2011/1/28,4548.206
2011/1/31,4610.86
2011/2/1,4630.58
2011/2/9,4609.717
2011/2/10,4733.973
2011/2/11,4786.806
2011/2/14,4872.495
2011/2/15,4869.687
2011/2/16,4952.667
2011/2/17,4987.48
2011/2/18,4941.432
2011/2/21,5042.967
2011/2/22,4909.745
2011/2/23,4979.057
2011/2/24,5027.731
2011/2/25,5032.797
2011/2/28,5095.208
2011/3/1,5122.441
2011/3/2,5108.74
2011/3/3,5009.047
2011/3/4,5067.621
2011/3/7,5138.248
2011/3/8,5165.735
2011/3/9,5181.368
2011/3/10,5143.413
2011/3/11,5139.746
2011/3/14,5190.037
2011/3/15,5131.332
2011/3/16,5199.358
2011/3/17,5104.134
2011/3/18,5126.934
2011/3/21,5086.108
2011/3/22,5085.812
2011/3/23,5155.337
2011/3/24,5169.264
2011/3/25,5212.345
2011/3/28,5199.552
2011/3/29,5111.153
2011/3/30,5064.545
2011/3/31,5000.402
2011/4/1,5065.076
2011/4/6,5057.84
2011/4/7,5089.751
2011/4/8,5148.799
2011/4/11,5107.137
2011/4/12,5114.459
2011/4/13,5165.207
2011/4/14,5150.869
2011/4/15,5162.415
2011/4/18,5178.894
2011/4/19,5116.144
2011/4/20,5152.395
2011/4/21,5188.111
2011/4/22,5165.123
2011/4/25,5054.768
2011/4/26,4970.572
2011/4/27,4913.497
2011/4/28,4755.416
2011/4/29,4836.866
2011/5/3,4920.57
2011/5/4,4814.781
2011/5/5,4827.212
2011/5/6,4849.969
2011/5/9,4889.92
2011/5/10,4918.674
2011/5/11,4929.488
2011/5/12,4863.795
2011/5/13,4902.564
2011/5/16,4900.706
2011/5/17,4873.954
2011/5/18,4906.189
2011/5/19,4879.892
2011/5/20,4863.185
2011/5/23,4679.527
2011/5/24,4672.076
2011/5/25,4618.748
2011/5/26,4572.942
2011/5/27,4428.894
2011/5/30,4345.048
2011/5/31,4444.276
2011/6/1,4490.892
2011/6/2,4429.999
2011/6/3,4506.196
2011/6/7,4547.303
2011/6/8,4562.972
2011/6/9,4456.73
2011/6/10,4469.049
2011/6/13,4468.787
2011/6/14,4540.939
2011/6/15,4499.694
2011/6/16,4402.143
2011/6/17,4337.367
2011/6/20,4278.753
2011/6/21,4338.422
2011/6/22,4321.219
2011/6/23,4402.938
2011/6/24,4509.18
2011/6/27,4568.189
2011/6/28,4574.477
2011/6/29,4511.545
2011/6/30,4579.332
2011/7/1,4604.746
2011/7/4,4719.391
2011/7/5,4749.424
2011/7/6,4760.917
2011/7/7,4761.452
2011/7/8,4756.614
2011/7/11,4799.42
2011/7/12,4731.118
2011/7/13,4825.419
2011/7/14,4866.165
2011/7/15,4896.043
2011/7/18,4895.26
2011/7/19,4843.705
2011/7/20,4849.057
2011/7/21,4784.388
2011/7/22,4800.938
2011/7/25,4613.73
2011/7/26,4633.372
2011/7/27,4710.379
2011/7/28,4680.898
2011/7/29,4628.32
2011/8/1,4644.462
2011/8/2,4610.783
2011/8/3,4625.173
2011/8/4,4649.425
2011/8/5,4559.018
2011/8/8,4330.771
2011/8/9,4317.107
2011/8/10,4378.698
2011/8/11,4454.394
2011/8/12,4505.886
2011/8/15,4571.719
2011/8/16,4533.321
2011/8/17,4513.485
2011/8/18,4436.101
2011/8/19,4395.019
2011/8/22,4363.959
2011/8/23,4434.922
2011/8/24,4427.978
2011/8/25,4520.171
2011/8/26,4530.423
2011/8/29,4490.158
2011/8/30,4451.726
2011/8/31,4430.538
2011/9/1,4395.069
2011/9/2,4344.977
2011/9/5,4238.069
2011/9/6,4204.908
2011/9/7,4306.361
2011/9/8,4260.155
2011/9/9,4233.748
2011/9/13,4164.288
2011/9/14,4212.129
2011/9/15,4215.5
2011/9/16,4214.816
2011/9/19,4131.885
2011/9/20,4151.851
2011/9/21,4275.094
2011/9/22,4151.8
2011/9/23,4117.735
2011/9/26,4051.425
2011/9/27,4068.231
2011/9/28,3999.782
2011/9/29,3871.06
2011/9/30,3856.828
2011/10/10,3832.577
2011/10/11,3817.927
2011/10/12,3950.655
2011/10/13,4001.853
2011/10/14,3985.193
2011/10/17,3997.121
2011/10/18,3877.024
2011/10/19,3854.169
2011/10/20,3740.469
2011/10/21,3671.695
2011/10/24,3736.765
2011/10/25,3842.978
2011/10/26,3884.39
2011/10/27,3888.992
2011/10/28,3978.8
2011/10/31,3999.362
2011/11/1,3999.831
2011/11/2,4072.781
2011/11/3,4097.618
2011/11/4,4131.13
2011/11/7,4114.767
2011/11/8,4057.555
2011/11/9,4126.003
2011/11/10,4064.371
2011/11/11,4062.144
2011/11/14,4159.567
2011/11/15,4192.665
2011/11/16,4088.323
2011/11/17,4079.536
2011/11/18,3963.258
2011/11/21,3966.636
2011/11/22,3957.93
2011/11/23,3942.695
2011/11/24,3935.273
2011/11/25,3911.356
2011/11/28,3915.298
2011/11/29,3980.618
2011/11/30,3819.942
2011/12/1,3897.019
2011/12/2,3817.041
2011/12/5,3692.227
2011/12/6,3691.804
2011/12/7,3702.103
2011/12/8,3700.089
2011/12/9,3663.843
2011/12/12,3616.087
2011/12/13,3490.4
2011/12/14,3423.474
2011/12/15,3329.575
2011/12/16,3427.214
2011/12/19,3434.845
2011/12/20,3424.448
2011/12/21,3342.401
2011/12/22,3298.724
2011/12/23,3327.394
2011/12/26,3308.072
2011/12/27,3224.148
2011/12/28,3207.399
2011/12/29,3207.181
2011/12/30,3266.775
2012/1/4,3192.234
2012/1/5,3074.368
2012/1/6,3087.546
2012/1/9,3212.904
2012/1/10,3345.391
2012/1/11,3346.742
2012/1/12,3345.812
2012/1/13,3233.701
2012/1/16,3130.558
2012/1/17,3304.88
2012/1/18,3237.852
2012/1/19,3270.765
2012/1/20,3315.603
2012/1/30,3292.409
2012/1/31,3294.494
2012/2/1,3266.234
2012/2/2,3328.153
2012/2/3,3383.05
2012/2/6,3412.405
2012/2/7,3356.838
2012/2/8,3445.52
2012/2/9,3469.846
2012/2/10,3488.229
2012/2/13,3519.875
2012/2/14,3524.625
2012/2/15,3578.149
2012/2/16,3577.202
2012/2/17,3565.306
2012/2/20,3574.458
2012/2/21,3618.302
2012/2/22,3689.004
2012/2/23,3700.888
2012/2/24,3756.825
2012/2/27,3764.326
2012/2/28,3745.58
2012/2/29,3696.144
2012/3/1,3715.673
2012/3/2,3794.416
2012/3/5,3798.377
2012/3/6,3760.585
2012/3/7,3732.707
2012/3/8,3791.827
2012/3/9,3848.108
2012/3/12,3871.12
2012/3/13,3910.064
2012/3/14,3734.317
2012/3/15,3689.014
2012/3/16,3786.617
2012/3/19,3829.696
2012/3/20,3746.284
2012/3/21,3760.047
2012/3/22,3742.388
2012/3/23,3670.129
2012/3/26,3666.279
2012/3/27,3652.876
2012/3/28,3490.007
2012/3/29,3425.702
2012/3/30,3416.856
2012/4/5,3531.549
2012/4/6,3554.027
2012/4/9,3512.914
2012/4/10,3554.038
2012/4/11,3566.476
2012/4/12,3640.407
2012/4/13,3675.028
2012/4/16,3685.481
2012/4/17,3631.556
2012/4/18,3714.02
2012/4/19,3704.705
2012/4/20,3736.365
2012/4/23,3691.574
2012/4/24,3666.395
2012/4/25,3718.911
2012/4/26,3700.028
2012/4/27,3664.638
2012/5/2,3718.259
2012/5/3,3733.816
2012/5/4,3758.004
2012/5/7,3784.556
2012/5/8,3783.472
2012/5/9,3717.47
2012/5/10,3731.131
2012/5/11,3715.385
2012/5/14,3710.097
2012/5/15,3705.883
2012/5/16,3660.312
2012/5/17,3714.186
2012/5/18,3655.858
2012/5/21,3653.546
2012/5/22,3711.055
2012/5/23,3708.919
2012/5/24,3678.093
2012/5/25,3635.516
2012/5/28,3687.455
2012/5/29,3745.678
2012/5/30,3752.219
2012/5/31,3753.593
2012/6/1,3744.437
2012/6/4,3621.808
2012/6/5,3617.614
2012/6/6,3600.163
2012/6/7,3581.137
2012/6/8,3564.158
2012/6/11,3630.314
2012/6/12,3608.391
2012/6/13,3674.875
2012/6/14,3652.705
2012/6/15,3648.994
2012/6/18,3684.727
2012/6/19,3657.958
2012/6/20,3636.09
2012/6/21,3590.837
2012/6/25,3493.116
2012/6/26,3489.972
2012/6/27,3476.403
2012/6/28,3427.819
2012/6/29,3470.965
2012/7/2,3509.503
2012/7/3,3515.778
2012/7/4,3497.748
2012/7/5,3418.202
2012/7/6,3486.546
2012/7/9,3398.805
2012/7/10,3365.665
2012/7/11,3404.104
2012/7/12,3450.302
2012/7/13,3435.084
2012/7/16,3311.089
2012/7/17,3334.286
2012/7/18,3352.848
2012/7/19,3392.656
2012/7/20,3369.913
2012/7/23,3337.856
2012/7/24,3361.09
2012/7/25,3332.085
2012/7/26,3302.336
2012/7/27,3283.592
2012/7/30,3217.452
2012/7/31,3159.192
2012/8/1,3216.184
2012/8/2,3195.863
2012/8/3,3259.856
2012/8/6,3337.267
2012/8/7,3368.252
2012/8/8,3356.485
2012/8/9,3405.058
2012/8/10,3395.849
2012/8/13,3318.1
2012/8/14,3349.585
2012/8/15,3310.839
2012/8/16,3286.828
2012/8/17,3286.778
2012/8/20,3289.439
2012/8/21,3335.753
2012/8/22,3306.111
2012/8/23,3327.99
2012/8/24,3265.749
2012/8/27,3184.331
2012/8/28,3200.993
2012/8/29,3179.54
2012/8/30,3129.495
2012/8/31,3139.5
2012/9/3,3200.306
2012/9/4,3164.826
2012/9/5,3181.8
2012/9/6,3217.936
2012/9/7,3334.66
2012/9/10,3363.605
2012/9/11,3350.088
2012/9/12,3376.122
2012/9/13,3329.299
2012/9/14,3338.038
2012/9/17,3237.704
2012/9/18,3224.259
2012/9/19,3255.866
2012/9/20,3161.763
2012/9/21,3143.71
2012/9/24,3167.161
2012/9/25,3144.408
2012/9/26,3071.989
2012/9/27,3141.082
2012/9/28,3199.752
2012/10/8,3183.365
2012/10/9,3265.617
2012/10/10,3296.923
2012/10/11,3248.045
2012/10/12,3240.399
2012/10/15,3223.189
2012/10/16,3233.229
2012/10/17,3240.778
2012/10/18,3294.835
2012/10/19,3285.445
2012/10/22,3298.488
2012/10/23,3259.067
2012/10/24,3257.921
2012/10/25,3226.172
2012/10/26,3163.295
2012/10/29,3158.943
2012/10/30,3160.687
2012/10/31,3168.097
2012/11/1,3228.19
2012/11/2,3249.552
2012/11/5,3235.352
2012/11/6,3213.26
2012/11/7,3209.141
2012/11/8,3129.568
2012/11/9,3116.978
2012/11/12,3136.308
2012/11/13,3072.121
2012/11/14,3081.254
2012/11/15,3026.844
2012/11/16,3009.153
2012/11/19,3016.159
2012/11/20,3004.183
2012/11/21,3035.282
2012/11/22,2995.093
2012/11/23,3005.459
2012/11/26,2970.323
2012/11/27,2864.169
2012/11/28,2800.537
2012/11/29,2774.176
2012/11/30,2816.624
2012/12/3,2749.134
2012/12/4,2783.412
2012/12/5,2886.186
2012/12/6,2884.348
2012/12/7,2950.193
2012/12/10,3002.231
2012/12/11,2982.027
2012/12/12,2982.885
2012/12/13,2943.276
2012/12/14,3066.231
2012/12/17,3091.875
2012/12/18,3086.584
2012/12/19,3099.092
2012/12/20,3108.86
2012/12/21,3101.074
2012/12/24,3117.698
2012/12/25,3189.088
2012/12/26,3228.675
2012/12/27,3199.481
2012/12/28,3235.195
2012/12/31,3275.86
2013/1/4,3258.251
2013/1/7,3288.369
2013/1/8,3327.04
2013/1/9,3334.987
2013/1/10,3356.35
2013/1/11,3271.179
2013/1/14,3384.745
2013/1/15,3450.682
2013/1/16,3450.56
2013/1/17,3408.022
2013/1/18,3464.645
2013/1/21,3491.122
2013/1/22,3435.434
2013/1/23,3441.745
2013/1/24,3369.732
2013/1/25,3364.061
2013/1/28,3449.794
2013/1/29,3482.519
2013/1/30,3500.578
2013/1/31,3479.638
2013/2/1,3507.709
2013/2/4,3484.362
2013/2/5,3520.646
2013/2/6,3544.385
2013/2/7,3557.667
2013/2/8,3608.589
2013/2/18,3627.776
2013/2/19,3561.357
2013/2/20,3635.375
2013/2/21,3560.317
2013/2/22,3548.358
2013/2/25,3587.587
2013/2/26,3533.204
2013/2/27,3535.896
2013/2/28,3608.199
2013/3/1,3648.422
2013/3/4,3518.717
2013/3/5,3597.922
2013/3/6,3653.934
2013/3/7,3609.64
2013/3/8,3570.38
2013/3/11,3571.105
2013/3/12,3481.175
2013/3/13,3449.35
2013/3/14,3464.854
2013/3/15,3471.214
2013/3/18,3427.12
2013/3/19,3438.072
2013/3/20,3527.772
2013/3/21,3565.02
2013/3/22,3579.92
2013/3/25,3568.523
2013/3/26,3543.812
2013/3/27,3552.257
2013/3/28,3448.977
2013/3/29,3447.285
2013/4/1,3470.96
2013/4/2,3428.5
2013/4/3,3397.232
2013/4/8,3411.13
2013/4/9,3444.371
2013/4/10,3437.267
2013/4/11,3423.217
2013/4/12,3394.517
2013/4/15,3346.851
2013/4/16,3383.081
2013/4/17,3412.416
2013/4/18,3423.012
2013/4/19,3495.242
2013/4/22,3511.624
2013/4/23,3416.449
2013/4/24,3484.568
2013/4/25,3431.401
2013/4/26,3367.766
2013/5/2,3383.398
2013/5/3,3448.64
2013/5/6,3514.457
2013/5/7,3521.477
2013/5/8,3553.848
2013/5/9,3555.769
2013/5/10,3577.327
2013/5/13,3590.758
2013/5/14,3549.303
2013/5/15,3597.106
2013/5/16,3635.755
2013/5/17,3691.399
2013/5/20,3737.748
2013/5/21,3787.059
2013/5/22,3755.874
2013/5/23,3724.229
2013/5/24,3782.071
2013/5/27,3820.427
2013/5/28,3827.782
2013/5/29,3856.319
2013/5/30,3865.134
2013/5/31,3841.218
2013/6/3,3814.51
2013/6/4,3739.724
2013/6/5,3755.148
2013/6/6,3688.736
2013/6/7,3616.21
2013/6/13,3515.05
2013/6/14,3584.978
2013/6/17,3593.371
2013/6/18,3605.758
2013/6/19,3583.298
2013/6/20,3465.004
2013/6/21,3446.483
2013/6/24,3232.962
2013/6/25,3219.134
2013/6/26,3285.818
2013/6/27,3233.222
2013/6/28,3235.978
2013/7/1,3304.591
2013/7/2,3359.053
2013/7/3,3364.184
2013/7/4,3390.488
2013/7/5,3371.529
2013/7/8,3240.477
2013/7/9,3259.911
2013/7/10,3361.395
2013/7/11,3455.884
2013/7/12,3425.135
2013/7/15,3493.441
2013/7/16,3536.313
2013/7/17,3485.074
2013/7/18,3481.201
2013/7/19,3394.306
2013/7/22,3461.281
2013/7/23,3544.966
2013/7/24,3566.282
2013/7/25,3498.242
2013/7/26,3494.159
2013/7/29,3426.593
2013/7/30,3411.219
2013/7/31,3430.743
2013/8/1,3521.152
2013/8/2,3533.609
2013/8/5,3592.538
2013/8/6,3631.124
2013/8/7,3596.318
2013/8/8,3605.85
2013/8/9,3618.744
2013/8/12,3676.195
2013/8/13,3695.552
2013/8/14,3681.082
2013/8/15,3631.321
2013/8/16,3554.348
2013/8/19,3609.028
2013/8/20,3599.637
2013/8/21,3627.501
2013/8/22,3636.469
2013/8/23,3627.97
2013/8/26,3703.593
2013/8/27,3732.098
2013/8/28,3703.92
2013/8/29,3701.083
2013/8/30,3664.148
2013/9/2,3689.959
2013/9/3,3744.871
2013/9/4,3755.239
2013/9/5,3762.569
2013/9/6,3792.832
2013/9/9,3831.927
2013/9/10,3870.923
2013/9/11,3834.258
2013/9/12,3845.068
2013/9/13,3849.82
2013/9/16,3854.207
2013/9/17,3786.292
2013/9/18,3822.123
2013/9/23,3899.625
2013/9/24,3903.518
2013/9/25,3889.221
2013/9/26,3808.216
2013/9/27,3822.758
2013/9/30,3872.893
2013/10/8,3938.068
2013/10/9,3981.058
2013/10/10,3959.63
2013/10/11,4026.916
2013/10/14,4068.32
2013/10/15,4074.083
2013/10/16,3963.212
2013/10/17,3956.965
2013/10/18,3970.641
2013/10/21,4069.033
2013/10/22,4026.516
2013/10/23,3924.219
2013/10/24,3898.156
2013/10/25,3821.779
2013/10/28,3808.703
2013/10/29,3703.86
2013/10/30,3764.453
2013/10/31,3713.829
2013/11/1,3702.445
2013/11/4,3728.188
2013/11/5,3777.404
2013/11/6,3737.106
2013/11/7,3685.04
2013/11/8,3629.94
2013/11/11,3645.84
2013/11/12,3680.536
2013/11/13,3611.76
2013/11/14,3659.83
2013/11/15,3736.452
2013/11/18,3827.882
2013/11/19,3840.365
2013/11/20,3878.584
2013/11/21,3865.41
2013/11/22,3842.756
2013/11/25,3839.602
2013/11/26,3845.676
2013/11/27,3889.755
2013/11/28,3922.666
2013/11/29,3946.383
2013/12/2,3770.865
2013/12/3,3859.955
2013/12/4,3932.998
2013/12/5,3928.724
2013/12/6,3918.783
2013/12/9,3947.704
2013/12/10,3950.486
2013/12/11,3906.78
2013/12/12,3916.962
2013/12/13,3925.434
2013/12/16,3857.715
2013/12/17,3834.027
2013/12/18,3834.045
2013/12/19,3795.023
2013/12/20,3747.002
2013/12/23,3742.738
2013/12/24,3768.703
2013/12/25,3808.453
2013/12/26,3743.132
2013/12/27,3800.774
2013/12/30,3813.003
2013/12/31,3829.096
2014/1/2,3847.879
2014/1/3,3816.316
2014/1/6,3710.898
2014/1/7,3733.662
2014/1/8,3738.205
2014/1/9,3696.023
2014/1/10,3628.634
2014/1/13,3612.02
2014/1/14,3683.534
2014/1/15,3708.142
2014/1/16,3714.314
2014/1/17,3671.915
2014/1/20,3644.125
2014/1/21,3700.108
2014/1/22,3799.042
2014/1/23,3825.486
2014/1/24,3882.668
2014/1/27,3881.947
2014/1/28,3873.81
2014/1/29,3908.45
2014/1/30,3885.416
2014/2/7,3957.671
2014/2/10,4074.63
2014/2/11,4080.378
2014/2/12,4125.412
2014/2/13,4064.423
2014/2/14,4134.16
2014/2/17,4212.745
2014/2/18,4207.699
2014/2/19,4207.994
2014/2/20,4149.071
2014/2/21,4121.917
2014/2/24,4105.792
2014/2/25,3961.439
2014/2/26,3987.48
2014/2/27,3934.727
2014/2/28,3975.929
2014/3/3,4058.799
2014/3/4,4059.567
2014/3/5,4037.784
2014/3/6,4032.756
2014/3/7,4012.447
2014/3/10,3860.244
2014/3/11,3864.26
2014/3/12,3865.662
2014/3/13,3907.146
2014/3/14,3888.975
2014/3/17,3967.15
2014/3/18,3989.201
2014/3/19,3980.673
2014/3/20,3876.578
2014/3/21,3952.392
2014/3/24,3985.861
2014/3/25,3991.144
2014/3/26,4001.502
2014/3/27,3944.044
2014/3/28,3865.295
2014/3/31,3840.536
2014/4/1,3899.488
2014/4/2,3902.043
2014/4/3,3896.28
2014/4/4,3939.229
2014/4/8,3981.625
2014/4/9,4018.547
2014/4/10,4038.84
2014/4/11,4021.194
2014/4/14,4051.33
2014/4/15,4021.906
2014/4/16,4019.883
2014/4/17,4014.94
2014/4/18,4029.262
2014/4/21,3965.337
2014/4/22,3947.169
2014/4/23,3929.168
2014/4/24,3884.811
2014/4/25,3800.681
2014/4/28,3684.593
2014/4/29,3738.926
2014/4/30,3766.17
2014/5/5,3798.288
2014/5/6,3817.98
2014/5/7,3749.965
2014/5/8,3754.011
2014/5/9,3716.022
2014/5/12,3812.758
2014/5/13,3806.89
2014/5/14,3803.803
2014/5/15,3732.337
2014/5/16,3726.656
2014/5/19,3705.364
2014/5/20,3715.71
2014/5/21,3747.334
2014/5/22,3746.14
2014/5/23,3786.563
2014/5/26,3827.487
2014/5/27,3818.322
2014/5/28,3861.588
2014/5/29,3821.867
2014/5/30,3829.238
2014/6/3,3822.716
2014/6/4,3789.294
2014/6/5,3832.055
2014/6/6,3818.333
2014/6/9,3797.429
2014/6/10,3840.019
2014/6/11,3858.051
2014/6/12,3850.113
2014/6/13,3891.557
2014/6/16,3914.981
2014/6/17,3879.344
2014/6/18,3858.099
2014/6/19,3755.694
2014/6/20,3789.342
2014/6/23,3815.879
2014/6/24,3839.203
2014/6/25,3814.03
2014/6/26,3861.95
2014/6/27,3889.323
2014/6/30,3924.903
2014/7/1,3951.726
2014/7/2,3979.31
2014/7/3,4019.647
2014/7/4,4004.561
2014/7/7,4014.488
2014/7/8,4039.707
2014/7/9,3982.404
2014/7/10,3982.198
2014/7/11,4029.751
2014/7/14,4090.802
2014/7/15,4093.113
2014/7/16,4062.119
2014/7/17,4031.44
2014/7/18,4042.521
2014/7/21,4030.242
2014/7/22,4083.288
2014/7/23,4057.113
2014/7/24,4054.223
2014/7/25,4089.801
2014/7/28,4168.373
2014/7/29,4207.862
2014/7/30,4214.836
2014/7/31,4257.045
2014/8/1,4210.219
2014/8/4,4278.847
2014/8/5,4300.12
2014/8/6,4328.601
2014/8/7,4286.09
2014/8/8,4311.697
2014/8/11,4377.018
2014/8/12,4399.806
2014/8/13,4401.809
2014/8/14,4373.504
2014/8/15,4423.636
2014/8/18,4483.544
2014/8/19,4496.938
2014/8/20,4497.399
2014/8/21,4495.44
2014/8/22,4521.752
2014/8/25,4487.142
2014/8/26,4407.588
2014/8/27,4421.212
2014/8/28,4381.494
2014/8/29,4427.879
2014/9/1,4507.442
2014/9/2,4576.12
2014/9/3,4608.557
2014/9/4,4647.886
2014/9/5,4666.474
2014/9/9,4701.699
2014/9/10,4709.909
2014/9/11,4704.942
2014/9/12,4756.949
2014/9/15,4807.555
2014/9/16,4645.546
2014/9/17,4686.047
2014/9/18,4719.009
2014/9/19,4758.727
2014/9/22,4694.229
2014/9/23,4754.472
2014/9/24,4815.71
2014/9/25,4814.735
2014/9/26,4829.935
2014/9/29,4877.435
2014/9/30,4916.119
2014/10/8,4993.531
2014/10/9,5004.001
2014/10/10,4981.853
2014/10/13,4982.681
2014/10/14,4966.083
2014/10/15,4987.707
2014/10/16,4906.244
2014/10/17,4860.732
2014/10/20,4929.16
2014/10/21,4884.024
2014/10/22,4825.609
2014/10/23,4755.231
2014/10/24,4774.666
2014/10/27,4809.518
2014/10/28,4924.955
2014/10/29,4991.755
2014/10/30,4992.63
2014/10/31,4986.416
2014/11/3,5028.698
2014/11/4,5003.47
2014/11/5,4995.443
2014/11/6,5024.848
2014/11/7,4977.255
2014/11/10,5031.001
2014/11/11,4881.48
2014/11/12,4965.384
2014/11/13,4921.671
2014/11/14,4909.609
2014/11/17,4958.466
2014/11/18,4967.651
2014/11/19,4985.101
2014/11/20,4974.626
2014/11/21,5029.773
2014/11/24,5112.119
2014/11/25,5189.001
2014/11/26,5214.21
2014/11/27,5251.389
2014/11/28,5245.267
2014/12/1,5208.139
2014/12/2,5277.657
2014/12/3,5339.005
2014/12/4,5451.962
2014/12/5,5333.892
2014/12/8,5412.674
2014/12/9,5195.406
2014/12/10,5374.097
2014/12/11,5454.443
2014/12/12,5493.2
2014/12/15,5583.597
2014/12/16,5606.693
2014/12/17,5557.286
2014/12/18,5558.045
2014/12/19,5524.122
2014/12/22,5305.209
2014/12/23,5193.722
2014/12/24,5262.365
2014/12/25,5364.563
2014/12/26,5422.751
2014/12/29,5367.637
2014/12/30,5275.085
2014/12/31,5322.714
2015/1/5,5417.017
2015/1/6,5479.864
2015/1/7,5488.242
2015/1/8,5444.037
2015/1/9,5409.058
2015/1/12,5332.221
2015/1/13,5405.091
2015/1/14,5379.738
2015/1/15,5449.038
2015/1/16,5520.123
2015/1/19,5281.895
2015/1/20,5472.514
2015/1/21,5611.694
2015/1/22,5690.156
2015/1/23,5633.289
2015/1/26,5758.979
2015/1/27,5773.816
2015/1/28,5739.919
2015/1/29,5701.205
2015/1/30,5632.728
2015/2/2,5609.389
2015/2/3,5707.476
2015/2/4,5683.519
2015/2/5,5654.217
2015/2/6,5534.785
2015/2/9,5504.974
2015/2/10,5580.704
2015/2/11,5641.786
2015/2/12,5681.341
2015/2/13,5769.272
2015/2/16,5869.713
2015/2/17,5911.098
2015/2/25,5906.538
2015/2/26,5969.557
2015/2/27,6018.463
2015/3/2,6139.792
2015/3/3,6118.656
2015/3/4,6210.421
2015/3/5,6208.988
2015/3/6,6133.026
2015/3/9,6212.236
2015/3/10,6276.485
2015/3/11,6262.892
2015/3/12,6260.137
2015/3/13,6329.576
2015/3/16,6516.765
2015/3/17,6618.054
2015/3/18,6728.068
2015/3/19,6782.463
2015/3/20,6850.897
2015/3/23,7017.154
2015/3/24,7046.123
2015/3/25,7124.872
2015/3/26,7074.437
2015/3/27,7155.945
2015/3/30,7245.497
2015/3/31,7253.104
2015/4/1,7425.733
2015/4/2,7560.648
2015/4/3,7679.01
2015/4/7,7863.284
2015/4/8,7807.997
2015/4/9,7746.151
2015/4/10,7952.189
2015/4/13,8122.893
2015/4/14,8119.959
2015/4/15,7802.747
2015/4/16,7912.088
2015/4/17,7980.76
2015/4/20,7839.901
2015/4/21,8112.687
2015/4/22,8323.427
2015/4/23,8410.703
2015/4/24,8419.095
2015/4/27,8513.016
2015/4/28,8266.483
2015/4/29,8428.254
2015/4/30,8469.673
2015/5/4,8510.481
2015/5/5,8199.344
2015/5/6,8082.999
2015/5/7,7903.478
2015/5/8,8201.293
2015/5/11,8558.218
2015/5/12,8745.678
2015/5/13,8824.929
2015/5/14,8813.393
2015/5/15,8742.885
2015/5/18,8903.595
2015/5/19,9124.833
2015/5/20,9277.331
2015/5/21,9619.223
2015/5/22,9778.171
2015/5/25,10040.09
2015/5/26,10373.58
2015/5/27,10497.34
2015/5/28,9868.424
2015/5/29,9966.845
2015/6/1,10488.31
2015/6/2,10886.4
2015/6/3,10979.99
2015/6/4,10965.41
2015/6/5,11144.52
2015/6/8,11030.92
2015/6/9,11013.74
2015/6/10,11208.0577
2015/6/11,11366.2931
2015/6/12,11545.8906
2015/6/15,11332.892
2015/6/16,10879.8358
2015/6/17,11100.5456
2015/6/18,10731.3787
2015/6/19,9987.4074
2015/6/23,10046.8849
2015/6/24,10267.6266
2015/6/25,9906.1037
2015/6/26,9078.0648
2015/6/29,8484.6434
2015/6/30,8906.0202
2015/7/1,8411.9097
2015/7/2,7835.1035
2015/7/3,7355.491
2015/7/6,7235.999
2015/7/7,6763.5263
2015/7/8,6602.3735
2015/7/9,6896.3516
2015/7/10,7244.7842
2015/7/13,7695.6351
2015/7/14,7859.0574
2015/7/15,7405.2945
2015/7/16,7578.7585
2015/7/17,7994.6971
2015/7/20,8116.4956
2015/7/21,8220.4627
2015/7/22,8320.2364
2015/7/23,8551.9909
2015/7/24,8425.0739
2015/7/27,7794.1809
2015/7/28,7649.8199
2015/7/29,8022.7956
2015/7/30,7800.5799
2015/7/31,7727.0608
2015/8/3,7540.2053
2015/8/4,7942.0952
2015/8/5,7839.3375
2015/8/6,7792.0278
2015/8/7,8013.3187
2015/8/10,8394.0862
2015/8/11,8435.3271
2015/8/12,8336.3365
2015/8/13,8534.4288
2015/8/14,8625.2423
2015/8/17,8820.4567
2015/8/18,8161.2687
2015/8/19,8340.9828
2015/8/20,8049.5116
2015/8/21,7612.9024
2015/8/24,7006.1885
2015/8/25,6481.4117
2015/8/26,6238.5256
2015/8/27,6456.0548
2015/8/28,6842.8938
2015/8/31,6581.3127
2015/9/1,6169.2072
2015/9/2,6122.5533
2015/9/7,6143.5566
2015/9/8,6374.8551
2015/9/9,6551.0072
2015/9/10,6440.3093
2015/9/11,6493.3191
2015/9/14,6049.7904
2015/9/15,5708.0299
2015/9/16,6084.8367
2015/9/17,5965.409
2015/9/18,6036.8814
2015/9/21,6250.4393
2015/9/22,6295.9258
2015/9/23,6224.6006
2015/9/24,6315.1101
2015/9/25,6108.3764
2015/9/28,6219.6917
2015/9/29,6103.6058
2015/9/30,6123.7274
2015/10/8,6372.4924
2015/10/9,6470.0514
2015/10/12,6718.7221
2015/10/13,6802.0769
2015/10/14,6724.4957
2015/10/15,6929.2374
2015/10/16,7047.5599
2015/10/19,7047.3718
2015/10/20,7162.0754
2015/10/21,6712.7386
2015/10/22,6964.2976
2015/10/23,7138.2344
2015/10/26,7186.7548
2015/10/27,7231.4362
2015/10/28,7048.8952
2015/10/29,7108.9748
2015/10/30,7084.9706
2015/11/2,6936.4315
2015/11/3,6920.1029
2015/11/4,7267.9884
2015/11/5,7276.4505
2015/11/6,7446.8471
2015/11/9,7543.8014
2015/11/10,7575.0084
2015/11/11,7684.666
2015/11/12,7682.4517
2015/11/13,7567.108
2015/11/16,7718.8548
2015/11/17,7650.3808
2015/11/18,7526.9417
2015/11/19,7718.622
2015/11/20,7806.2655
2015/11/23,7744.1822
2015/11/24,7798.4975
2015/11/25,7922.3841
2015/11/26,7874.0797
2015/11/27,7376.1243
2015/11/30,7408.3988
2015/12/1,7443.9452
2015/12/2,7405.8596
2015/12/3,7570.5077
2015/12/4,7511.6749
2015/12/7,7602.2276
2015/12/8,7404.142
2015/12/9,7374.2742
2015/12/10,7350.2098
2015/12/11,7290.7017
2015/12/14,7441.0301
2015/12/15,7498.1813
2015/12/16,7529.4028
2015/12/17,7716.246
2015/12/18,7699.37
2015/12/21,7788.564
2015/12/22,7856.6081
2015/12/23,7773.2825
2015/12/24,7753.0367
2015/12/25,7792.1244
2015/12/28,7603.3609
2015/12/29,7674.3881
2015/12/30,7741.0472
2015/12/31,7617.689
2016/1/4,6983.4044
2016/1/5,6889.7414
2016/1/6,7065.6068
2016/1/7,6462.2428
2016/1/8,6570.4316
2016/1/11,6128.6558
2016/1/12,6136.6632
2016/1/13,5924.044
2016/1/14,6124.8202
2016/1/15,5893.6815
2016/1/18,5978.9076
2016/1/19,6197.0947
2016/1/20,6138.5031
2016/1/21,5886.8835
2016/1/22,5980.6111
2016/1/25,6041.3261
2016/1/26,5589.3069
2016/1/27,5514.1886
2016/1/28,5271.2325
2016/1/29,5469.1254
2016/2/1,5399.4771
2016/2/2,5586.6266
2016/2/3,5610.1734
2016/2/4,5721.4853
2016/2/5,5664.1971
2016/2/15,5668.0398
2016/2/16,5902.5341
2016/2/17,5971.4123
2016/2/18,5957.1305
2016/2/19,5979.5164
2016/2/22,6103.7225
2016/2/23,6070.4998
2016/2/24,6111.0427
2016/2/25,5626.0522
2016/2/26,5648.9376
2016/2/29,5350.4337
2016/3/1,5473.6349
2016/3/2,5753.1482
2016/3/3,5776.977
2016/3/4,5621.5614
2016/3/7,5752.5482
2016/3/8,5764.3253
2016/3/9,5617.0376
2016/3/10,5521.948
2016/3/11,5508.9818
2016/3/14,5690.5904
2016/3/15,5639.8012
2016/3/16,5562.8037
2016/3/17,5745.975
2016/3/18,5949.263
2016/3/21,6099.4805
2016/3/22,6075.4922
2016/3/23,6118.9664
2016/3/24,6018.4242
2016/3/25,6077.4312
2016/3/28,6037.7782
2016/3/29,5921.8672
2016/3/30,6137.5034
2016/3/31,6155.8138
2016/4/1,6124.5278
2016/4/5,6286.5826
2016/4/6,6323.4342
2016/4/7,6228.9737
2016/4/8,6168.7419
2016/4/11,6304.3004
2016/4/12,6252.7729
2016/4/13,6344.2255
2016/4/14,6401.8545
2016/4/15,6384.3496
2016/4/18,6281.2024
2016/4/19,6308.229
2016/4/20,6022.2126
2016/4/21,5970.682
2016/4/22,6011.3201
2016/4/25,5978.0772
2016/4/26,6046.7734
2016/4/27,6016.699
2016/4/28,5990.3285
2016/4/29,5985.594
2016/5/3,6167.4537
2016/5/4,6169.7826
2016/5/5,6203.8166
2016/5/6,5961.489
2016/5/9,5743.6473
2016/5/10,5738.8961
2016/5/11,5723.4104
2016/5/12,5726.4555
2016/5/13,5714.3107
2016/5/16,5812.5423
2016/5/17,5790.3416
2016/5/18,5631.1927
2016/5/19,5666.7331
2016/5/20,5732.9018
2016/5/23,5809.4761
2016/5/24,5743.1782
2016/5/25,5715.1834
2016/5/26,5744.3876
2016/5/27,5739.5897
2016/5/30,5711.3152
2016/5/31,5947.3224
2016/6/1,5973.7799
2016/6/2,6013.8942
2016/6/3,6032.603
2016/6/6,6051.8595
2016/6/7,6045.3571
2016/6/8,6023.8776
2016/6/13,5746.4438
2016/6/14,5762.7612
2016/6/15,5952.846
2016/6/16,5930.5454
2016/6/17,5964.2724
2016/6/20,5985.5691
2016/6/21,5916.8032
2016/6/22,6008.8857
2016/6/23,5978.1737
2016/6/24,5903.6202
2016/6/27,6044.2191
2016/6/28,6107.5105
2016/6/29,6120.2021
2016/6/30,6123.4939
2016/7/1,6111.5385
2016/7/4,6231.8811
2016/7/5,6269.5046
2016/7/6,6297.3969
2016/7/7,6319.7926
2016/7/8,6299.8533
2016/7/11,6312.4988
2016/7/12,6395.1448
2016/7/13,6446.5634
2016/7/14,6455.5827
2016/7/15,6441.0159
2016/7/18,6412.0731
2016/7/19,6431.9383
2016/7/20,6417.9223
2016/7/21,6442.7093
2016/7/22,6390.9254
2016/7/25,6408.7831
2016/7/26,6494.4743
2016/7/27,6229.2885
2016/7/28,6243.2883
2016/7/29,6202.8923
2016/8/1,6109.2782
2016/8/2,6168.5088
2016/8/3,6198.3885
2016/8/4,6238.2309
2016/8/5,6203.2872
2016/8/8,6290.7562
2016/8/9,6341.5497
2016/8/10,6318.2681
2016/8/11,6226.3129
2016/8/12,6299.0915
2016/8/15,6442.5272
2016/8/16,6468.8946
2016/8/17,6488.3648
2016/8/18,6490.408
2016/8/19,6499.5548
2016/8/22,6420.3544
2016/8/23,6428.6978
2016/8/24,6435.0586
2016/8/25,6382.5704
2016/8/26,6410.7335
2016/8/29,6427.5291
2016/8/30,6425.7543
2016/8/31,6434.2103
2016/9/1,6381.4755
2016/9/2,6356.9538
2016/9/5,6391.7923
2016/9/6,6492.9722
2016/9/7,6494.3159
2016/9/8,6517.9835
2016/9/9,6471.053
2016/9/12,6291.6364
2016/9/13,6320.0315
2016/9/14,6278.158
2016/9/19,6344.181
2016/9/20,6342.0328
2016/9/21,6343.7541
2016/9/22,6385.6353
2016/9/23,6370.5834
2016/9/26,6241.5157
2016/9/27,6286.9093
2016/9/28,6281.2838
2016/9/29,6298.7911
2016/9/30,6328.0856
2016/10/10,6447.6934
2016/10/11,6486.4254
2016/10/12,6482.7379
2016/10/13,6484.831
2016/10/14,6469.4915
2016/10/17,6413.1487
2016/10/18,6509.2821
2016/10/19,6495.2574
2016/10/20,6498.2375
2016/10/21,6475.2807
2016/10/24,6539.4661
2016/10/25,6563.3539
2016/10/26,6530.3898
2016/10/27,6517.3594
2016/10/28,6455.8349
2016/10/31,6452.2058
2016/11/1,6507.95
2016/11/2,6455.1295
2016/11/3,6483.7322
2016/11/4,6462.5928
2016/11/7,6468.8171
2016/11/8,6503.1781
2016/11/9,6453.5718
2016/11/10,6536.9651
2016/11/11,6583.8864
2016/11/14,6615.0071
2016/11/15,6640.4616
2016/11/16,6644.1878
2016/11/17,6636.469
2016/11/18,6602.3265
2016/11/21,6611.5399
2016/11/22,6661.246
2016/11/23,6631.1733
2016/11/24,6623.0489
2016/11/25,6652.8177
2016/11/28,6670.8035
2016/11/29,6620.7949
2016/11/30,6585.5776
2016/12/1,6624.4657
2016/12/2,6520.9745
2016/12/5,6486.0173
2016/12/6,6490.8897
2016/12/7,6558.0247
2016/12/8,6527.4338
2016/12/9,6513.9155
2016/12/12,6249.0784
2016/12/13,6278.1793
2016/12/14,6239.4989
2016/12/15,6280.3981
2016/12/16,6318.5239
2016/12/19,6320.7324
2016/12/20,6300.6383
2016/12/21,6347.6058
2016/12/22,6341.7879
2016/12/23,6281.9966
2016/12/26,6294.7546
2016/12/27,6288.8594
2016/12/28,6270.2395
2016/12/29,6252.6076
2016/12/30,6263.6256
2017/1/3,6320.7626
2017/1/4,6394.6694
2017/1/5,6399.2841
2017/1/6,6371.6168
2017/1/9,6415.4176
2017/1/10,6393.9283
2017/1/11,6331.9638
2017/1/12,6272.851
2017/1/13,6194.6575
2017/1/16,6031.2414
2017/1/17,6082.0657
2017/1/18,6068.593
2017/1/19,6043.675
2017/1/20,6121.9983
2017/1/23,6172.1671
2017/1/24,6165.2642
2017/1/25,6179.5681
2017/1/26,6223.7061
2017/2/3,6207.0921
2017/2/6,6259.2471
2017/2/7,6255.927
2017/2/8,6291.5977
2017/2/9,6331.1771
2017/2/10,6337.1081
2017/2/13,6369.6526
2017/2/14,6374.8852
2017/2/15,6311.6959
2017/2/16,6359.3361
2017/2/17,6307.1627
2017/2/20,6385.0625
2017/2/21,6434.4383
2017/2/22,6474.225
2017/2/23,6473.993
2017/2/24,6476.1655
2017/2/27,6424.2549
2017/2/28,6450.9701
2017/3/1,6467.6385
2017/3/2,6434.6262
2017/3/3,6452.839
2017/3/6,6517.3235
2017/3/7,6523.1868
2017/3/8,6497.0878
2017/3/9,6439.3822
2017/3/10,6447.9165
2017/3/13,6507.8964
2017/3/14,6493.4846
2017/3/15,6486.0616
2017/3/16,6543.3407
2017/3/17,6483.2463
2017/3/20,6498.3416
2017/3/21,6515.9458
2017/3/22,6499.7928
2017/3/23,6512.1874
2017/3/24,6546.615
2017/3/27,6516.0326
2017/3/28,6498.6902
2017/3/29,6480.543
2017/3/30,6375.7437
2017/3/31,6401.6479
2017/4/5,6539.9665
2017/4/6,6559.6526
2017/4/7,6578.726
2017/4/10,6566.5441
2017/4/11,6629.1661
2017/4/12,6576.4761
2017/4/13,6615.7042
2017/4/14,6528.1624
2017/4/17,6456.598
2017/4/18,6418.2114
2017/4/19,6350.6465
2017/4/20,6347.7732
2017/4/21,6300.7128
2017/4/24,6138.5049
2017/4/25,6160.4612
2017/4/26,6176.3981
2017/4/27,6192.3044
2017/4/28,6211.8624
2017/5/2,6216.115
2017/5/3,6197.4779
2017/5/4,6176.3053
2017/5/5,6089.6828
2017/5/8,5975.5395
2017/5/9,6012.0016
2017/5/10,5885.841
2017/5/11,5872.6391
2017/5/12,5863.7832
2017/5/15,5893.5075
2017/5/16,6014.7344
2017/5/17,6027.6504
2017/5/18,5976.2998
2017/5/19,5974.9772
2017/5/22,5888.8127
2017/5/23,5764.8759
2017/5/24,5799.2499
2017/5/25,5850.8006
2017/5/26,5836.9338
2017/5/31,5824.1042
2017/6/1,5709.9994
2017/6/2,5772.5174
2017/6/5,5815.8022
2017/6/6,5841.5232
2017/6/7,5955.0153
2017/6/8,5958.977
2017/6/9,5969.2741
2017/6/12,5902.8551
2017/6/13,5980.0566
2017/6/14,5966.4314
2017/6/15,6021.1651
2017/6/16,6012.9996
2017/6/19,6057.4115
2017/6/20,6066.9046
2017/6/21,6078.1925
2017/6/22,5992.3352
2017/6/23,6010.3137
2017/6/26,6111.6406
2017/6/27,6113.1658
2017/6/28,6086.2112
2017/6/29,6116.9932
2017/6/30,6138.1556
2017/7/3,6177.3953
2017/7/4,6146.8527
2017/7/5,6193.9641
2017/7/6,6201.6535
2017/7/7,6226.0108
2017/7/10,6206.5568
2017/7/11,6128.9942
2017/7/12,6132.9922
2017/7/13,6149.9337
2017/7/14,6128.7397
2017/7/17,5876.4592
2017/7/18,5938.4342
2017/7/19,6059.3582
2017/7/20,6099.2835
2017/7/21,6126.1083
2017/7/24,6167.1282
2017/7/25,6153.5984
2017/7/26,6146.7028
2017/7/27,6184.0207
2017/7/28,6215.4633
2017/7/31,6298.0004
2017/8/1,6286.5362
2017/8/2,6251.8627
2017/8/3,6261.9676
2017/8/4,6225.1151
2017/8/7,6303.4209
2017/8/8,6303.716
2017/8/9,6340.022
2017/8/10,6289.2174
2017/8/11,6161.1903
2017/8/14,6292.6418
2017/8/15,6314.7608
2017/8/16,6318.7986
2017/8/17,6366.034
2017/8/18,6347.7557
2017/8/21,6403.7803
2017/8/22,6375.9814
2017/8/23,6322.7819
2017/8/24,6278.59
2017/8/25,6346.5305
2017/8/28,6424.5841
2017/8/29,6408.1567
2017/8/30,6453.4636
2017/8/31,6470.4259
2017/9/1,6526.5046
2017/9/4,6564.6804
2017/9/5,6571.8591
2017/9/6,6607.1176
2017/9/7,6558.5963
2017/9/8,6574.1826
2017/9/11,6649.6276
2017/9/12,6644.0118
2017/9/13,6684.3798
2017/9/14,6672.1849
2017/9/15,6622.0438
2017/9/18,6669.4548
2017/9/19,6636.0201
2017/9/20,6692.4724
2017/9/21,6612.0456
2017/9/22,6572.0096
2017/9/25,6489.8441
2017/9/26,6520.7175
2017/9/27,6583.1401
2017/9/28,6567.7915
2017/9/29,6603.2587
2017/10/9,6678.371
2017/10/10,6705.4812
2017/10/11,6666.4696
2017/10/12,6659.0957
2017/10/13,6709.8164
2017/10/16,6619.2056
2017/10/17,6612.9428
2017/10/18,6563.4369
2017/10/19,6501.3999
2017/10/20,6571.424
2017/10/23,6612.7637
2017/10/24,6603.0042
2017/10/25,6647.892
2017/10/26,6671.9288
2017/10/27,6630.8067
2017/10/30,6511.7616
2017/10/31,6560.2054
2017/11/1,6552.9545
2017/11/2,6484.9258
2017/11/3,6426.9799
2017/11/6,6511.0958
2017/11/7,6551.9363
2017/11/8,6561.6897
2017/11/9,6611.3517
2017/11/10,6641.2164
2017/11/13,6671.2054
2017/11/14,6614.5136
2017/11/15,6537.6563
2017/11/16,6558.3085
2017/11/17,6361.9415
2017/11/20,6433.1702
2017/11/21,6456.352
2017/11/22,6439.4419
2017/11/23,6274.5116
2017/11/24,6278.0287
2017/11/27,6194.5522
2017/11/28,6299.3122
2017/11/29,6318.3684
2017/11/30,6263.421
2017/12/1,6316.4072
2017/12/4,6279.6206
2017/12/5,6132.912
2017/12/6,6172.8031
2017/12/7,6135.4702
2017/12/8,6203.1433
2017/12/11,6286.1656
2017/12/12,6233.2115
2017/12/13,6277.441
2017/12/14,6284.0807
2017/12/15,6235.7608
2017/12/18,6199.9889
2017/12/19,6251.2416
2017/12/20,6199.3628
2017/12/21,6238.4987
2017/12/22,6242.8847
2017/12/25,6185.5907
2017/12/26,6220.1473
2017/12/27,6173.1528
2017/12/28,6204.2702
2017/12/29,6250.8207
2018/1/2,6332.2269
2018/1/3,6388.2533
2018/1/4,6417.535
2018/1/5,6417.2537
2018/1/8,6446.1818
2018/1/9,6445.7462
2018/1/10,6405.9395
2018/1/11,6425.9401
2018/1/12,6399.3737
2018/1/15,6253.3759
2018/1/16,6301.1327
2018/1/17,6267.4599
2018/1/18,6286.8007
2018/1/19,6272.38
2018/1/22,6347.6383
2018/1/23,6354.9978
2018/1/24,6394.2999
2018/1/25,6382.7165
2018/1/26,6383.6312
2018/1/29,6309.8836
2018/1/30,6313.442
2018/1/31,6189.3413
2018/2/1,5984.7428
2018/2/2,6004.8494
2018/2/5,5998.2236
2018/2/6,5704.2641
2018/2/7,5711.3322
2018/2/8,5766.4797
2018/2/9,5554.8974
2018/2/12,5699.0979
2018/2/13,5736.9505
2018/2/14,5754.8344
2018/2/22,5875.7272
2018/2/23,5897.6765
2018/2/26,6029.6795
2018/2/27,6010.5573
2018/2/28,6023.677
2018/3/1,6090.2247
2018/3/2,6056.3354
2018/3/5,6064.0983
2018/3/6,6145.5768
2018/3/7,6086.4874
2018/3/8,6131.5142
2018/3/9,6206.9754
2018/3/12,6295.7776
2018/3/13,6254.1457
2018/3/14,6189.317
2018/3/15,6180.1108
2018/3/16,6146.3058
2018/3/19,6153.8339
2018/3/20,6173.6984
2018/3/21,6129.2042
2018/3/22,6101.2276
2018/3/23,5787.1523
2018/3/26,5902.9588
2018/3/27,6034.775
2018/3/28,5973.3414
2018/3/29,6034.8572
2018/3/30,6114.7382
2018/4/2,6121.9642
2018/4/3,6059.7089
2018/4/4,6017.6863
2018/4/9,6025.6493
2018/4/10,6063.7423
2018/4/11,6086.6126
2018/4/12,6051.3346
2018/4/13,6027.1867
2018/4/16,6012.4053
2018/4/17,5890.8571
2018/4/18,5970.6577
2018/4/19,6004.7334
2018/4/20,5880.8359
2018/4/23,5823.9205
2018/4/24,5957.1927
2018/4/25,5959.422
2018/4/26,5847.9766
2018/4/27,5860.9836
2018/5/2,5855.3233
2018/5/3,5910.6058
2018/5/4,5909.2944
2018/5/7,6019.1409
2018/5/8,6041.8143
2018/5/9,6029.2329
2018/5/10,6040.5716
2018/5/11,5991.3424
2018/5/14,5967.5541
2018/5/15,6020.5697
2018/5/16,6004.0696
2018/5/17,5973.7785
2018/5/18,5995.1497
2018/5/21,6072.1991
2018/5/22,6092.9069
2018/5/23,6013.8472
2018/5/24,5992.6209
2018/5/25,5917.7978
2018/5/28,5891.2627
2018/5/29,5835.4456
2018/5/30,5682.5881
2018/5/31,5754.4746
2018/6/1,5685.1155
2018/6/4,5683.1486
2018/6/5,5779.0778
2018/6/6,5774.2575
2018/6/7,5738.0176
2018/6/8,5669.3031
2018/6/11,5632.3566
2018/6/12,5693.3461
2018/6/13,5607.0173
2018/6/14,5586.9314
2018/6/15,5483.9446
2018/6/19,5141.7095
2018/6/20,5198.3935
2018/6/21,5089.2522
2018/6/22,5160.1228
2018/6/25,5125.0333
2018/6/26,5160.2829
2018/6/27,5109.4975
2018/6/28,5055.1093
2018/6/29,5217.7643
2018/7/2,5138.7826
2018/7/3,5197.1313
2018/7/4,5121.3436
2018/7/5,4982.7627
2018/7/6,4996.6299
2018/7/9,5107.5507
2018/7/10,5136.5326
2018/7/11,5036.1565
2018/7/12,5172.5032
2018/7/13,5204.1855
2018/7/16,5195.2002
2018/7/17,5196.1969
2018/7/18,5156.6363
2018/7/19,5111.3271
2018/7/20,5175.2516
2018/7/23,5214.0038
2018/7/24,5304.641
2018/7/25,5308.6569
2018/7/26,5273.4789
2018/7/27,5249.2904
2018/7/30,5185.151
2018/7/31,5188.7166
2018/8/1,5105.3741
2018/8/2,4996.012
2018/8/3,4929.75
2018/8/6,4825.2508
2018/8/7,4956.8718
2018/8/8,4880.5694
2018/8/9,5004.7733
2018/8/10,5030.5148
2018/8/13,5055.2753
2018/8/14,5037.8831
2018/8/15,4932.8063
2018/8/16,4888.3712
2018/8/17,4803.0285
2018/8/20,4832.6512
2018/8/21,4891.9801
2018/8/22,4837.0183
2018/8/23,4863.6651
2018/8/24,4852.2887
2018/8/27,4960.0655
2018/8/28,4974.2072
2018/8/29,4941.9607
2018/8/30,4867.1214
2018/8/31,4814.8237
2018/9/3,4838.873
2018/9/4,4890.2806
2018/9/5,4815.0343
2018/9/6,4793.3454
2018/9/7,4791.7779
2018/9/10,4704.8782
2018/9/11,4702.9032
2018/9/12,4693.9743
2018/9/13,4721.2121
2018/9/14,4670.0799
2018/9/17,4602.3901
2018/9/18,4683.5056
2018/9/19,4736.8934
2018/9/20,4733.4806
2018/9/21,4805.2151
2018/9/25,4792.5507
2018/9/26,4815.6306
2018/9/27,4755.3803
2018/9/28,4800.7287
2018/10/8,4646.4929
2018/10/9,4634.8939
2018/10/10,4629.8877
2018/10/11,4307.4208
2018/10/12,4278.0353
2018/10/15,4199.1532
2018/10/16,4099.6831
2018/10/17,4133.3832
2018/10/18,4018.4614
2018/10/19,4127.9854
2018/10/22,4333.1445
2018/10/23,4253.5561
2018/10/24,4245.4884
2018/10/25,4234.4208
2018/10/26,4233.9585
2018/10/29,4162.5255
2018/10/30,4204.5424
2018/10/31,4272.5518
2018/11/1,4298.9837
2018/11/2,4437.9456
2018/11/5,4440.8274
2018/11/6,4438.0965
2018/11/7,4415.136
2018/11/8,4382.3286
2018/11/9,4368.6143
2018/11/12,4481.6881
2018/11/13,4563.5351
2018/11/14,4545.5089
2018/11/15,4619.8141
2018/11/16,4659.0965
2018/11/19,4670.737
2018/11/20,4537.4493
2018/11/21,4554.6747
2018/11/22,4551.3264
2018/11/23,4374.7644
2018/11/26,4367.4619
2018/11/27,4387.6515
2018/11/28,4441.8569
2018/11/29,4345.703
2018/11/30,4376.6511
2018/12/3,4515.1735
2018/12/4,4536.2104
2018/12/5,4502.7021
2018/12/6,4411.0884
2018/12/7,4410.9593
2018/12/10,4359.3122
2018/12/11,4395.5702
2018/12/12,4393.324
2018/12/13,4443.1572
2018/12/14,4337.1025
2018/12/17,4330.6465
2018/12/18,4307.2675
2018/12/19,4247.8991
2018/12/20,4259.7614
2018/12/21,4231.144
2018/12/24,4274.7218
2018/12/25,4225.5124
2018/12/26,4208.4053
2018/12/27,4161.2702
2018/12/28,4168.0363
2019/1/2,4131.9567
2019/1/3,4112.807
2019/1/4,4210.8786
2019/1/7,4288.3234
2019/1/8,4277.2967
2019/1/9,4288.7717
2019/1/10,4281.8606
2019/1/11,4314.8757
2019/1/14,4286.5474
2019/1/15,4347.3555
2019/1/16,4336.8779
2019/1/17,4303.7308
2019/1/18,4347.8112
2019/1/21,4373.6333
2019/1/22,4308.2518
2019/1/23,4315.6846
2019/1/24,4338.17
2019/1/25,4318.4417
2019/1/28,4307.2196
2019/1/29,4254.2875
2019/1/30,4211.6235
2019/1/31,4176.4739
2019/2/1,4294.2696
2019/2/11,4402.8668
2019/2/12,4439.485
2019/2/13,4512.4088
2019/2/14,4532.1699
2019/2/15,4502.7348
2019/2/18,4660.999
2019/2/19,4667.2836
2019/2/20,4667.6243
2019/2/21,4659.1431
2019/2/22,4777.2977
2019/2/25,5044.3466
2019/2/26,5038.5435
2019/2/27,5017.8842
2019/2/28,5025.2913
2019/3/1,5067.225
2019/3/4,5158.2467
2019/3/5,5295.2878
2019/3/6,5390.0294
2019/3/7,5458.6153
2019/3/8,5245.6999
2019/3/11,5456.381
2019/3/12,5551.0029
2019/3/13,5424.8642
2019/3/14,5298.5024
2019/3/15,5359.0087
2019/3/18,5501.183
2019/3/19,5522.1801
2019/3/20,5515.7856
2019/3/21,5589.478
2019/3/22,5622.1402
2019/3/25,5549.6711
2019/3/26,5394.8787
2019/3/27,5447.8795
2019/3/28,5370.1234
2019/3/29,5547.6561
2019/4/1,5757.8379
2019/4/2,5775.5497
2019/4/3,5836.0369
2019/4/4,5871.5575
2019/4/8,5847.6296
2019/4/9,5858.0464
2019/4/10,5850.7609
2019/4/11,5727.1749
2019/4/12,5714.3676
2019/4/15,5655.9825
2019/4/16,5777.0111
2019/4/17,5807.7288
2019/4/18,5775.171
2019/4/19,5810.1798
2019/4/22,5723.0417
2019/4/23,5628.0624
2019/4/24,5679.7256
2019/4/25,5458.4194
2019/4/26,5408.0306
2019/4/29,5265.6011
2019/4/30,5307.56
2019/5/6,4908.7984
2019/5/7,4973.4043
2019/5/8,4947.7419
2019/5/9,4888.4128
2019/5/10,5064.323
2019/5/13,5005.9044
2019/5/14,4965.6124
2019/5/15,5076.555
2019/5/16,5108.3588
2019/5/17,4942.5792
2019/5/20,4923.5589
2019/5/21,5009.8725
2019/5/22,4976.3929
2019/5/23,4872.9202
2019/5/24,4841.7573
2019/5/27,4962.947
2019/5/28,4955.4855
2019/5/29,4956.8638
2019/5/30,4926.403
2019/5/31,4912.0005
2019/6/3,4853.8153
2019/6/4,4795.4129
2019/6/5,4783.8245
2019/6/6,4678.7844
2019/6/10,4725.2643
2019/6/11,4901.4723
2019/6/12,4863.4922
2019/6/13,4877.6505
2019/6/14,4795.5267
2019/6/17,4802.8185
2019/6/18,4797.1468
2019/6/19,4858.9164
2019/6/20,4954.7338
2019/6/21,5021.3051
2019/6/24,5024.2046
2019/6/25,4974.9882
2019/6/26,4962.5936
2019/6/27,5007.4833
2019/6/28,4950.4798
2019/7/1,5100.2619
2019/7/2,5084.41
2019/7/3,5040.7227
2019/7/4,5025.0207
2019/7/5,5042.6599
2019/7/8,4870.7807
2019/7/9,4881.6235
2019/7/10,4843.8649
2019/7/11,4844.5474
2019/7/12,4861.5679
2019/7/15,4925.3243
2019/7/16,4932.0458
2019/7/17,4929.085
2019/7/18,4844.1087
2019/7/19,4878.6903
2019/7/22,4776.5749
2019/7/23,4823.9182
2019/7/24,4873.0271
2019/7/25,4891.6432
2019/7/26,4898.1099
2019/7/29,4897.0183
2019/7/30,4922.9175
2019/7/31,4903.203
2019/8/1,4870.469
2019/8/2,4809.9198
2019/8/5,4751.9846
2019/8/6,4650.5627
2019/8/7,4626.3641
2019/8/8,4656.1009
2019/8/9,4600.3526
2019/8/12,4685.045
2019/8/13,4658.3884
2019/8/14,4683.8403
2019/8/15,4706.5504
2019/8/16,4722.6625
2019/8/19,4875.0363
2019/8/20,4872.6061
2019/8/21,4882.7213
2019/8/22,4887.9142
2019/8/23,4887.9024
2019/8/26,4855.4584
2019/8/27,4936.1238
2019/8/28,4928.1935
2019/8/29,4934.1838
2019/8/30,4886.494
2019/9/2,5008.2958
2019/9/3,5044.1805
2019/9/4,5093.2662
2019/9/5,5138.4051
2019/9/6,5154.6378
2019/9/9,5263.4594
2019/9/10,5245.305
2019/9/11,5217.2913
2019/9/12,5242.6115
2019/9/16,5250.3398
2019/9/17,5140.4502
2019/9/18,5141.0381
2019/9/19,5191.6687
2019/9/20,5204.4848
2019/9/23,5171.484
2019/9/24,5180.7418
2019/9/25,5087.0091
2019/9/26,4970.2403
2019/9/27,5005.6299
2019/9/30,4940.903
2019/10/8,4941.7607
2019/10/9,4982.9535
2019/10/10,5046.3594
2019/10/11,5055.5165
2019/10/14,5131.1312
2019/10/15,5061.0029
2019/10/16,5038.356
2019/10/17,5029.854
2019/10/18,4961.8072
2019/10/21,4951.0354
2019/10/22,5005.5525
2019/10/23,4967.1949
2019/10/24,4958.2465
2019/10/25,4994.5684
2019/10/28,5084.4677
2019/10/29,5007.7126
2019/10/30,4947.8954
2019/10/31,4917.4174
2019/11/1,4962.3495
2019/11/4,4987.8364
2019/11/5,5025.3029
2019/11/6,4974.7343
2019/11/7,5007.0666
2019/11/8,4988.2938
2019/11/11,4876.1594
2019/11/12,4881.6144
2019/11/13,4875.543
2019/11/14,4912.1075
2019/11/15,4868.4367
2019/11/18,4892.4609
2019/11/19,4975.1128
2019/11/20,4946.2757
2019/11/21,4945.7188
2019/11/22,4904.0828
2019/11/25,4901.5021
2019/11/26,4882.1624
2019/11/27,4904.2568
2019/11/28,4889.2595
2019/11/29,4894.9416
2019/12/2,4905.4209
2019/12/3,4926.4548
2019/12/4,4920.6682
2019/12/5,4967.6021
2019/12/6,5010.5104
2019/12/9,5024.604
2019/12/10,5049.0514
2019/12/11,5027.2784
2019/12/12,5012.0011
2019/12/13,5073.6858
2019/12/16,5166.0391
2019/12/17,5236.0624
2019/12/18,5235.1248
2019/12/19,5241.7376
2019/12/20,5184.6752
2019/12/23,5084.3505
2019/12/24,5162.0702
2019/12/25,5183.0986
2019/12/26,5219.1404
2019/12/27,5179.1929
2019/12/30,5241.9383
2019/12/31,5267.6622
2020/1/2,5366.1375
2020/1/3,5380.6372
2020/1/6,5434.8503
2020/1/7,5499.8395
2020/1/8,5423.7966
2020/1/9,5497.5429
2020/1/10,5480.2279
2020/1/13,5559.6272
2020/1/14,5542.3316
2020/1/15,5530.0266
2020/1/16,5527.6676
2020/1/17,5510.0453
2020/1/20,5587.5359
2020/1/21,5523.9419
2020/1/22,5575.5126
2020/1/23,5377.7411
2020/2/3,4910.9011
2020/2/4,4996.4743
2020/2/5,5123.9619
2020/2/6,5282.8922
2020/2/7,5327.0369
2020/2/10,5388.4349
2020/2/11,5361.2768
2020/2/12,5459.9461
2020/2/13,5412.8418
2020/2/14,5420.8025
2020/2/17,5594.4366
2020/2/18,5660.8142
2020/2/19,5603.2626
2020/2/20,5706.7127
2020/2/21,5784.0321
2020/2/24,5865.4665
2020/2/25,5897.7219
2020/2/26,5743.3929
2020/2/27,5753.7277
2020/2/28,5451.2897
2020/3/2,5656.4193
2020/3/3,5710.0235
2020/3/4,5716.5112
2020/3/5,5801.1199
2020/3/6,5763.8602
2020/3/9,5525.8167
2020/3/10,5675.1113
2020/3/11,5589.5311
2020/3/12,5493.8838
2020/3/13,5457.2006
2020/3/16,5200.1142
2020/3/17,5212.0619
2020/3/18,5119.4716
2020/3/19,5157.8235
2020/3/20,5219.2809
2020/3/23,4998.9095
2020/3/24,5096.0408
2020/3/25,5217.4237
2020/3/26,5166.1091
2020/3/27,5137.3371
2020/3/30,5027.4856
2020/3/31,5041.4534
2020/4/1,5019.2187
2020/4/2,5147.2019
2020/4/3,5107.0393
2020/4/7,5267.073
2020/4/8,5271.7961
2020/4/9,5322.4614
2020/4/10,5208.5102
2020/4/13,5169.1757
2020/4/14,5288.593
2020/4/15,5268.7497
2020/4/16,5316.9707
2020/4/17,5318.4547
2020/4/20,5381.7857
2020/4/21,5343.8806
2020/4/22,5387.6233
2020/4/23,5357.7904
2020/4/24,5273.5474
2020/4/27,5265.7248
2020/4/28,5227.846
2020/4/29,5226.8116
2020/4/30,5353.8595
2020/5/6,5451.3159
2020/5/7,5445.7519
2020/5/8,5507.6965
2020/5/11,5496.192
2020/5/12,5512.464
2020/5/13,5536.2802
2020/5/14,5487.107
2020/5/15,5507.9336
2020/5/18,5478.8218
2020/5/19,5547.8759
2020/5/20,5489.7024
2020/5/21,5426.1745
2020/5/22,5328.2268
2020/5/25,5316.6036
2020/5/26,5420.2126
2020/5/27,5369.4992
2020/5/28,5361.167
2020/5/29,5406.3403
2020/6/1,5569.48
2020/6/2,5566.4438
2020/6/3,5572.3125
2020/6/4,5576.7535
2020/6/5,5585.4231
2020/6/8,5575.3036
2020/6/9,5610.3774
2020/6/10,5615.2417
2020/6/11,5589.1019
2020/6/12,5591.4871
2020/6/15,5590.6435
2020/6/16,5695.3007
2020/6/17,5735.4183
2020/6/18,5734.403
2020/6/19,5787.1482
2020/6/22,5784.0269
2020/6/23,5804.343
2020/6/24,5789.0893
2020/6/29,5762.4378
2020/6/30,5864.4164
2020/7/1,5881.8875
2020/7/2,5975.2794
2020/7/3,6051.5099
2020/7/6,6299.8551
2020/7/7,6380.0276
2020/7/8,6535.4151
2020/7/9,6693.7452
2020/7/10,6676.4373
2020/7/13,6899.5175
2020/7/14,6807.727
2020/7/15,6638.8384
2020/7/16,6319.9981
2020/7/17,6344.5912
2020/7/20,6526.8325
2020/7/21,6563.3239
2020/7/22,6620.6893
2020/7/23,6620.0859
2020/7/24,6283.9831
2020/7/27,6298.7351
2020/7/28,6359.6637
2020/7/29,6530.2712
2020/7/30,6511.436
2020/7/31,6579.6696
2020/8/3,6739.8085
2020/8/4,6697.7071
2020/8/5,6772.8422
2020/8/6,6770.3016
2020/8/7,6688.8822
2020/8/10,6725.2956
2020/8/11,6600.8472
2020/8/12,6528.3999
2020/8/13,6552.6567
2020/8/14,6623.5633
2020/8/17,6744.5468
2020/8/18,6789.3979
2020/8/19,6666.274
2020/8/20,6593.785
2020/8/21,6643.9444
2020/8/24,6688.9647
2020/8/25,6652.5478
2020/8/26,6525.8786
2020/8/27,6578.7912
2020/8/28,6691.2096
2020/8/31,6668.4331
2020/9/1,6710.4599
2020/9/2,6717.5579
2020/9/3,6662.2515
2020/9/4,6618.5762
2020/9/7,6478.8124
2020/9/8,6525.098
2020/9/9,6349.2234
2020/9/10,6235.5687
2020/9/11,6311.967
2020/9/14,6351.2422
2020/9/15,6387.8805
2020/9/16,6353.836
2020/9/17,6367.0206
2020/9/18,6469.4692
2020/9/21,6445.9649
2020/9/22,6358.652
2020/9/23,6392.0329
2020/9/24,6244.6389
2020/9/25,6236.8904
2020/9/28,6178.4693
2020/9/29,6228.7708
2020/9/30,6192.5045
2020/10/9,6357.9711
2020/10/12,6541.176
2020/10/13,6551.3987
2020/10/14,6508.3743
2020/10/15,6460.0408
2020/10/16,6428.6822
2020/10/19,6358.3213
2020/10/20,6423.1128
2020/10/21,6350.0127
2020/10/22,6317.1438
2020/10/23,6213.2626
2020/10/26,6214.3779
2020/10/27,6221.3414
2020/10/28,6245.9986
2020/10/29,6255.1933
2020/10/30,6111.4803
2020/11/2,6143.1157
2020/11/3,6241.7676
2020/11/4,6234.158
2020/11/5,6351.9789
2020/11/6,6301.2477
2020/11/9,6421.6506
2020/11/10,6373.0853
2020/11/11,6294.6055
2020/11/12,6315.4938
2020/11/13,6306.97
2020/11/16,6387.371
2020/11/17,6336.9406
2020/11/18,6341.0136
2020/11/19,6360.5998
2020/11/20,6422.9854
2020/11/23,6472.9301
2020/11/24,6475.1881
2020/11/25,6350.3667
2020/11/26,6334.3042
2020/11/27,6351.6119
2020/11/30,6320.9441
2020/12/1,6426.6155
2020/12/2,6434.9791
2020/12/3,6440.8808
2020/12/4,6464.7345
2020/12/7,6424.6823
2020/12/8,6423.6513
2020/12/9,6307.2207
2020/12/10,6320.0956
2020/12/11,6209.427
2020/12/14,6259.0175
2020/12/15,6265.5819
2020/12/16,6235.4352
2020/12/17,6308.9013
2020/12/18,6291.918
2020/12/21,6398.5987
2020/12/22,6250.0606
2020/12/23,6307.604
2020/12/24,6205.2247
2020/12/25,6278.4981
2020/12/28,6244.4818
2020/12/29,6199.8523
2020/12/30,6269.2484
2020/12/31,6367.1149
2021/1/4,6482.7868
2021/1/5,6539.7315
2021/1/6,6528.1425
2021/1/7,6538.1162
2021/1/8,6557.5964
2021/1/11,6455.3987
2021/1/12,6543.2286
2021/1/13,6496.9131
2021/1/14,6439.8854
2021/1/15,6417.5011
2021/1/18,6514.4644
2021/1/19,6476.3736
2021/1/20,6535.4185
2021/1/21,6622.4959
2021/1/22,6637.8052
2021/1/25,6645.3137
2021/1/26,6532.961
2021/1/27,6557.1608
2021/1/28,6414.3811
2021/1/29,6346.1371
2021/2/1,6393.278
2021/2/2,6454.7853
2021/2/3,6399.3315
2021/2/4,6328.7881
2021/2/5,6239.8709
2021/2/8,6323.1622
2021/2/9,6457.8814
2021/2/10,6525.1658
2021/2/18,6614.5443
2021/2/19,6703.4821
2021/2/22,6657.056
2021/2/23,6631.2286
2021/2/24,6536.1861
2021/2/25,6499.1528
2021/2/26,6364.3529
2021/3/1,6488.4388
2021/3/2,6433.3282
2021/3/3,6524.7513
2021/3/4,6401.9917
2021/3/5,6403.4964
2021/3/8,6256.4092
2021/3/9,6108.0027
2021/3/10,6062.2552
2021/3/11,6213.8319
2021/3/12,6222.3802
2021/3/15,6173.8721
2021/3/16,6195.2438
2021/3/17,6225.3588
2021/3/18,6273.8556
2021/3/19,6206.6023
2021/3/22,6305.6919
2021/3/23,6219.1666
2021/3/24,6142.5439
2021/3/25,6157.4072
2021/3/26,6251.7941
2021/3/29,6254.9426
2021/3/30,6280.359
2021/3/31,6254.0695
2021/4/1,6311.6644
2021/4/2,6326.6059
2021/4/6,6343.0962
2021/4/7,6348.0761
2021/4/8,6356.7526
2021/4/9,6335.2393
2021/4/12,6226.4182
2021/4/13,6209.7801
2021/4/14,6277.2111
2021/4/15,6276.4609
2021/4/16,6339.5906
2021/4/19,6425.2606
2021/4/20,6428.5411
2021/4/21,6420.2587
2021/4/22,6445.4657
2021/4/23,6462.7558
2021/4/26,6442.6451
2021/4/27,6446.2822
2021/4/28,6489.7441
2021/4/29,6491.9281
2021/4/30,6485.7075
2021/5/6,6489.3485
2021/5/7,6444.4429
2021/5/10,6475.9938
2021/5/11,6456.0376
2021/5/12,6512.0501
2021/5/13,6439.0273
2021/5/14,6525.8036
2021/5/17,6578.1402
2021/5/18,6599.5985
2021/5/19,6584.3869
2021/5/20,6548.7111
2021/5/21,6527.864
2021/5/24,6544.1218
2021/5/25,6619.6707
2021/5/26,6628.2065
2021/5/27,6685.4054
2021/5/28,6668.1696
2021/5/31,6728.9906
2021/6/1,6739.7624
2021/6/2,6681.4285
2021/6/3,6667.7264
2021/6/4,6693.0574
2021/6/7,6721.5019
2021/6/8,6684.5626
2021/6/9,6692.9049
2021/6/10,6765.6436
2021/6/11,6725.9152
2021/6/15,6663.6623
2021/6/16,6566.286
2021/6/17,6616.174
2021/6/18,6657.7635
2021/6/21,6707.1762
2021/6/22,6739.7939
2021/6/23,6789.9464
2021/6/24,6754.8657
2021/6/25,6813.4138
2021/6/28,6828.5162
2021/6/29,6765.4201
2021/6/30,6808.1831
2021/7/1,6716.6658
2021/7/2,6658.0451
2021/7/5,6711.0136
2021/7/6,6709.4983
2021/7/7,6764.1319
2021/7/8,6748.654
2021/7/9,6804.5389
2021/7/12,6904.3818
2021/7/13,6961.8475
2021/7/14,6898.7502
2021/7/15,6932.406
2021/7/16,6925.1232
2021/7/19,6889.3375
2021/7/20,6901.1318
2021/7/21,6984.5418
2021/7/22,7026.5482
2021/7/23,6985.7499
2021/7/26,6868.2074
2021/7/27,6719.2557
2021/7/28,6621.9845
2021/7/29,6758.8869
2021/7/30,6767.316
2021/8/2,6872.0004
2021/8/3,6816.0107
2021/8/4,6931.3365
2021/8/5,6911.8292
2021/8/6,6938.8679
2021/8/9,6979.5256
2021/8/10,7019.2284
2021/8/11,7073.5219
2021/8/12,7095.2024
2021/8/13,7088.8876
2021/8/16,7052.4876
2021/8/17,6894.4042
2021/8/18,6941.008
2021/8/19,6947.0564
2021/8/20,6920.0248
2021/8/23,7024.5647
2021/8/24,7090.7817
2021/8/25,7153.0043
2021/8/26,7118.8442
2021/8/27,7180.1088
2021/8/30,7226.8823
2021/8/31,7255.3418
2021/9/1,7193.1
2021/9/2,7307.0084
2021/9/3,7278.6809
2021/9/6,7355.4013
2021/9/7,7498.9255
2021/9/8,7544.0411
2021/9/9,7617.4505
2021/9/10,7607.6749
2021/9/13,7648.7481
2021/9/14,7556.6157
2021/9/15,7592.3059
2021/9/16,7446.9353
2021/9/17,7395.5645
2021/9/22,7453.6247
2021/9/23,7502.8391
2021/9/24,7380.3843
2021/9/27,7170.5899
2021/9/28,7198.8966
2021/9/29,7010.2192
2021/9/30,7103.6076
2021/10/8,7091.3356
2021/10/11,7090.4673
2021/10/12,6952.1903
2021/10/13,6981.5947
2021/10/14,7008.3326
2021/10/15,7024.1596
2021/10/18,7068.1048
2021/10/19,7120.3794
2021/10/20,7118.7959
2021/10/21,7098.2542
2021/10/22,7026.0676
2021/10/25,7103.9856
2021/10/26,7102.4335
2021/10/27,7048.604
2021/10/28,6950.2768
2021/10/29,7022.4992
2021/11/1,7060.756
2021/11/2,6985.0998
2021/11/3,7017.8541
2021/11/4,7073.8522
2021/11/5,6991.9077
2021/11/8,7026.9715
2021/11/9,7081.7539
2021/11/10,7062.3313
2021/11/11,7119.8589
2021/11/12,7156.6127
2021/11/15,7098.2129
2021/11/16,7045.9387
2021/11/17,7104.5344
2021/11/18,7084.6827
2021/11/19,7169.8759
2021/11/22,7255.0736
2021/11/23,7261.3791
2021/11/24,7256.1117
2021/11/25,7233.5423
2021/11/26,7219.8622
2021/11/29,7221.8978
2021/11/30,7252.7552
2021/12/1,7272.837
2021/12/2,7229.988
2021/12/3,7301.9173
2021/12/6,7240.4558
2021/12/7,7206.8257
2021/12/8,7302.9905
2021/12/9,7320.3177
2021/12/10,7306.646
2021/12/13,7353.0306
2021/12/14,7324.1331
2021/12/15,7314.2586
2021/12/16,7380.9974
2021/12/17,7314.5601
2021/12/20,7195.9732
2021/12/21,7275.4675
2021/12/22,7302.463
2021/12/23,7337.19
2021/12/24,7278.7556
2021/12/27,7272.7493
2021/12/28,7286.0336
2021/12/29,7247.7741
2021/12/30,7310.96
2021/12/31,7359.4024
2022/1/4,7354.4562
2022/1/5,7222.6747
2022/1/6,7229.9601
2022/1/7,7175.676
2022/1/10,7191.4511
2022/1/11,7135.2232
2022/1/12,7196.9327
2022/1/13,7097.7594
2022/1/14,7081.1408
2022/1/17,7157.8593
2022/1/18,7163.1586
2022/1/19,7118.762
2022/1/20,7056.7854
2022/1/21,6976.6155
2022/1/24,6979.2456
2022/1/25,6743.9566
2022/1/26,6782.5763
2022/1/27,6605.9159
2022/1/28,6580.53
2022/2/7,6676.6122
2022/2/8,6742.1921
2022/2/9,6843.0271
2022/2/10,6840.485
2022/2/11,6745.0235
2022/2/14,6695.6958
2022/2/15,6760.2776
2022/2/16,6772.0336
2022/2/17,6768.7888
2022/2/18,6835.0217
2022/2/21,6867.1129
2022/2/22,6784.7622
2022/2/23,6887.4236
2022/2/24,6764.8756
2022/2/25,6819.4311
2022/2/28,6853.3081
2022/3/1,6874.0447
2022/3/2,6875.2404
2022/3/3,6859.5522
2022/3/4,6803.8337
2022/3/7,6659.3902
2022/3/8,6429.8888
2022/3/9,6305.6093
2022/3/10,6414.9402
2022/3/11,6474.1269
2022/3/14,6323.5779
2022/3/15,5964.9813
2022/3/16,6156.2714
2022/3/17,6267.5244
2022/3/18,6332.2166
2022/3/21,6358.943
2022/3/22,6358.1093
2022/3/23,6398.1009
2022/3/24,6344.115
2022/3/25,6268.2376
2022/3/28,6283.2814
2022/3/29,6253.0692
2022/3/30,6377.8744
2022/3/31,6324.9609
2022/4/1,6364.5206
2022/4/6,6356.9271
2022/4/7,6221.5908
2022/4/8,6224.1167
2022/4/11,6029.8935
2022/4/12,6126.9065
2022/4/13,6044.3263
2022/4/14,6126.4902
2022/4/15,6070.7489
2022/4/18,6074.0069
2022/4/19,6092.3963
2022/4/20,5956.9208
2022/4/21,5759.8013
2022/4/22,5740.9844
2022/4/25,5369.7171
2022/4/26,5234.0059
2022/4/27,5437.0374
2022/4/28,5418.7641
2022/4/29,5627.9021
2022/5/5,5686.7023
2022/5/6,5563.7693
2022/5/9,5608.5162
2022/5/10,5690.0868
2022/5/11,5737.8173
2022/5/12,5743.1007
2022/5/13,5796.8014
2022/5/16,5791.0809
2022/5/17,5816.3379
2022/5/18,5797.4896
2022/5/19,5838.4074
2022/5/20,5929.4882
2022/5/23,5965.7277
2022/5/24,5745.6751
2022/5/25,5844.2546
2022/5/26,5911.5607
2022/5/27,5899.915
2022/5/30,5942.8317
2022/5/31,6026.2373
2022/6/1,6023.644
2022/6/2,6078.4349
2022/6/6,6187.4441
2022/6/7,6186.5672
2022/6/8,6217.8276
2022/6/9,6130.6862
2022/6/10,6240.1032
2022/6/13,6233.6194
2022/6/14,6275.5652
2022/6/15,6261.0613
2022/6/16,6264.822
2022/6/17,6316.3092
2022/6/20,6330.3942
2022/6/21,6277.0014
2022/6/22,6179.57
2022/6/23,6300.4746
2022/6/24,6368.2827
2022/6/27,6407.7447
2022/6/28,6501.352
2022/6/29,6374.2974
2022/6/30,6454.0778
2022/7/1,6438.5375
2022/7/4,6523.1311
2022/7/5,6511.5297
2022/7/6,6418.5453
2022/7/7,6452.9863
2022/7/8,6404.4393
2022/7/11,6319.1402
2022/7/12,6241.4793
2022/7/13,6268.4943
2022/7/14,6302.4319
2022/7/15,6196.7999
2022/7/18,6312.3557
2022/7/19,6335.7093
2022/7/20,6410.7088
2022/7/21,6347.5984
2022/7/22,6289.5325
2022/7/25,6231.2355
2022/7/26,6307.956
2022/7/27,6332.2327
2022/7/28,6348.1655
2022/7/29,6294.1144
2022/8/1,6347.2211
2022/8/2,6169.9961
2022/8/3,6124.3146
2022/8/4,6158.7346
2022/8/5,6270.5113
2022/8/8,6323.0746
2022/8/9,6341.4806
2022/8/10,6322.0558
2022/8/11,6439.3586
2022/8/12,6420.853
2022/8/15,6442.8093
2022/8/16,6465.1866
2022/8/17,6493.5047
2022/8/18,6468.8056
2022/8/19,6391.7159
2022/8/22,6472.6799
2022/8/23,6466.4045
2022/8/24,6284.5769
2022/8/25,6322.6961
2022/8/26,6298.3739
2022/8/29,6310.402
2022/8/30,6285.9273
2022/8/31,6155.7455
2022/9/1,6126.7685
2022/9/2,6149.4273
2022/9/5,6182.6465
2022/9/6,6291.5707
2022/9/7,6301.5644
2022/9/8,6272.5752
2022/9/9,6316.9724
2022/9/13,6300.422
2022/9/14,6249.963
2022/9/15,6107.7964
2022/9/16,5954.5037
2022/9/19,5913.1493
2022/9/20,5958.2922
2022/9/21,5978.581
2022/9/22,5965.8854
2022/9/23,5889.6019
2022/9/26,5806.3181
2022/9/27,5920.0531
2022/9/28,5769.5198
2022/9/29,5771.8812
2022/9/30,5714.0629
2022/10/10,5635.7109
2022/10/11,5684.5063
2022/10/12,5820.4537
2022/10/13,5830.3355
2022/10/14,5973.4389
2022/10/17,6015.5963
2022/10/18,6035.6737
2022/10/19,5972.7226
2022/10/20,5948.8621
2022/10/21,5956.8811
2022/10/24,5896.9031
2022/10/25,5869.781
2022/10/26,5971.6009
2022/10/27,5963.0037
2022/10/28,5781.7972
2022/10/31,5807.1063
2022/11/1,5941.1451
2022/11/2,5997.8038
2022/11/3,5996.7187
2022/11/4,6133.4629
2022/11/7,6141.4088
2022/11/8,6134.2564
2022/11/9,6120.8286
2022/11/10,6089.6951
2022/11/11,6138.6211
2022/11/14,6129.5129
2022/11/15,6236.3838
2022/11/16,6203.9174
2022/11/17,6217.2052
2022/11/18,6191.6477
2022/11/21,6189.7092
2022/11/22,6125.3999
2022/11/23,6115.6049
2022/11/24,6120.0659
2022/11/25,6087.8591
2022/11/28,6055.2843
2022/11/29,6163.8214
2022/11/30,6156.1465
2022/12/1,6186.1021
2022/12/2,6168.0127
2022/12/5,6215.1244
2022/12/6,6211.2515
2022/12/7,6204.0051
2022/12/8,6186.2835
2022/12/9,6192.3009
2022/12/12,6154.8092
2022/12/13,6121.6615
2022/12/14,6096.3856
2022/12/15,6101.8787
2022/12/16,6072.8627
2022/12/19,5936.4751
2022/12/20,5878.0314
2022/12/21,5845.835
2022/12/22,5779.0555
2022/12/23,5763.3458
2022/12/26,5843.2555
2022/12/27,5885.6622
2022/12/28,5862.0967
2022/12/29,5857.4021
2022/12/30,5864.4669
2023/1/3,5955.8969
2023/1/4,5952.4538
2023/1/5,6010.4641
2023/1/6,6012.8152
2023/1/9,6040.0193
2023/1/10,6048.2968
2023/1/11,6014.1565
2023/1/12,6015.2871
2023/1/13,6057.6902
2023/1/16,6126.1772
2023/1/17,6132.6391
2023/1/18,6151.4557
2023/1/19,6204.3261
2023/1/20,6251.4337
2023/1/30,6283.3272
2023/1/31,6289.15
2023/2/1,6365.9051
